<?xml version="1.0" encoding="UTF-8" standalone="yes"?>
<addon id=repository.moviedude.addon" name="Moviedude Alpha Repository" version="3.3" provider-name="Moviedude">
    <extension point="xbmc.addon.repository" name="Moviedude Alpha Repository">
        <dir>
            <info compressed="false">https://raw.githubusercontent.com/shanmuga502/repository.moviedude.addon/master/repo/zips/addons.xml</info>
            <checksum>https://raw.githubusercontent.com/shanmuga502/repository.moviedude.addon/master/repo/zips/addons.xml.md5</checksum>
            <datadir zip="true">https://raw.githubusercontent.com/shanmuga502/repository.moviedude.addon/master/repo/zips/</datadir>
        </dir>
		<dir minversion="18.0" maxversion="18.9.0">
            <info compressed="false">https://raw.githubusercontent.com/shanmuga502/repository.moviedude.addon/master/leia/zips/addons.xml</info>
            <checksum>https://raw.githubusercontent.com/shanmuga502/repository.moviedude.addon/master/leia/zips/addons.xml.md5</checksum>
            <datadir zip="true">https://raw.githubusercontent.com/shanmuga502/repository.moviedude.addon/master/leia/zips/</datadir>
        </dir>
        <dir minversion="18.9.0" maxversion="19.9.0">
            <info compressed="false">https://raw.githubusercontent.com/shanmuga502/repository.moviedude.addon/master/matrix/zips/addons.xml</info>
            <checksum>https://raw.githubusercontent.com/shanmuga502/repository.moviedude.addon/master/matrix/zips/addons.xml.md5</checksum>
            <datadir zip="true">https://raw.githubusercontent.com/shanmuga502/repository.moviedude.addon/master/matrix/zips/</datadir>
        </dir>
        <dir minversion="19.9.1">
            <info compressed="false">https://raw.githubusercontent.com/shanmuga502/repository.moviedude.addon/master/nexusrepo/zips/addons.xml</info>
            <checksum>https://raw.githubusercontent.com/shanmuga502/repository.moviedude.addon/master/nexusrepo/zips/addons.xml.md5</checksum>
            <datadir zip="true">https://raw.githubusercontent.com/shanmuga502/repository.moviedude.addon/master/nexusrepo/zips/</datadir>
        </dir>
    </extension>
    <extension point="xbmc.addon.metadata">
        <summary>Moviedude Alpha Repository</summary>
        <description>A repository for alpha releases of moviedude skins.</description>
        <disclaimer></disclaimer>
        <platform>all</platform>
        <assets>
            <icon>icon.png</icon>
        </assets>
    </extension>
</addon>