<?xml version='1.0' encoding='utf-8'?>
<addons>
<addon id="repository.moviedude.addon" name="Moviedude Alpha Repository" version="3.3" provider-name="Moviedude">
    <extension point="xbmc.addon.repository" name="Moviedude Alpha Repository">
        <dir>
            <info compressed="false">https://raw.githubusercontent.com/shanmuga502/repository.moviedude.addon/master/repo/zips/addons.xml</info>
            <checksum>https://raw.githubusercontent.com/shanmuga502/repository.moviedude.addon/master/repo/zips/addons.xml.md5</checksum>
            <datadir zip="true">https://raw.githubusercontent.com/shanmuga502/repository.moviedude.addon/master/repo/zips/</datadir>
        </dir>
		<dir minversion="18.0" maxversion="18.9.0">
            <info compressed="false">https://raw.githubusercontent.com/shanmuga502/repository.moviedude.addon/master/leia/zips/addons.xml</info>
            <checksum>https://raw.githubusercontent.com/shanmuga502/repository.moviedude.addon/master/leia/zips/addons.xml.md5</checksum>
            <datadir zip="true">https://raw.githubusercontent.com/shanmuga502/repository.moviedude.addon/master/leia/zips/</datadir>
        </dir>
        <dir minversion="18.9.0" maxversion="19.9.0">
            <info compressed="false">https://raw.githubusercontent.com/shanmuga502/repository.moviedude.addon/master/matrix/zips/addons.xml</info>
            <checksum>https://raw.githubusercontent.com/shanmuga502/repository.moviedude.addon/master/matrix/zips/addons.xml.md5</checksum>
            <datadir zip="true">https://raw.githubusercontent.com/shanmuga502/repository.moviedude.addon/master/matrix/zips/</datadir>
        </dir>
        <dir minversion="19.9.1">
            <info compressed="false">https://raw.githubusercontent.com/shanmuga502/repository.moviedude.addon/master/nexusrepo/zips/addons.xml</info>
            <checksum>https://raw.githubusercontent.com/shanmuga502/repository.moviedude.addon/master/nexusrepo/zips/addons.xml.md5</checksum>
            <datadir zip="true">https://raw.githubusercontent.com/shanmuga502/repository.moviedude.addon/master/nexusrepo/zips/</datadir>
        </dir>
    </extension>
    <extension point="xbmc.addon.metadata">
        <summary>Moviedude Alpha Repository</summary>
        <description>A repository for alpha releases of moviedude skins.</description>
        <disclaimer />
        <platform>all</platform>
        <assets>
            <icon>icon.png</icon>
        </assets>
    </extension>
</addon><addon id="repository.marcelveldt" version="1.0.3" name="Marcelveldt's BETA repository" provider-name="marcelveldt, finkleandeinhorn">
	<requires>
		<import addon="xbmc.addon" version="12.0.0" />
	</requires>
	<extension point="xbmc.addon.repository" name="Marcelveldt's BETA repository">
		<dir>
			<info compressed="false">https://raw.githubusercontent.com/kodi-community-addons/repository.marcelveldt/master/repository/addons.xml</info>
			<checksum>https://raw.githubusercontent.com/kodi-community-addons/repository.marcelveldt/master/repository/addons.xml.md5</checksum>
			<datadir zip="true">https://raw.githubusercontent.com/kodi-community-addons/repository.marcelveldt/master/repository/</datadir>
		</dir>
		<dir minversion="18.9.700">
			<info compressed="false">https://raw.githubusercontent.com/kodi-community-addons/repository.marcelveldt/master/matrix/addons.xml</info>
			<checksum>https://raw.githubusercontent.com/kodi-community-addons/repository.marcelveldt/master/matrix/addons.xml.md5</checksum>
			<datadir zip="true">https://raw.githubusercontent.com/kodi-community-addons/repository.marcelveldt/master/matrix/</datadir>
		</dir>
		<dir maxversion="18.9.0">
			<info compressed="false">https://raw.githubusercontent.com/kodi-community-addons/repository.marcelveldt/master/olderversions/addons.xml</info>
			<checksum>https://raw.githubusercontent.com/kodi-community-addons/repository.marcelveldt/master/olderversions/addons.xml.md5</checksum>
			<datadir zip="true">https://raw.githubusercontent.com/kodi-community-addons/repository.marcelveldt/master/olderversions/</datadir>
		</dir>
	</extension>
	<extension point="xbmc.addon.metadata">
		<summary lang="en">Kodi repository for beta/test versions of Marcelveldt's addons</summary>
		<description lang="en">Kodi repository for beta/test versions of Marcelveldt's addons, for stable versions please just use the official Kodi repository. This repo is for test/beta versions of my work only</description>
		<platform>all</platform>
		<assets>
			<icon>icon.png</icon>
			<fanart>fanart.jpg</fanart>
		</assets>
	</extension>
</addon>

<addon id="repository.rector.stuff" name="Rector Stuff" version="1.0.4" provider-name="rmrector">
	<requires>
		<import addon="xbmc.addon" version="12.0.0" />
	</requires>
	<extension point="xbmc.addon.repository" name="Rector Repository">
		<dir maxversion="18.9.0">
			<info>https://raw.githubusercontent.com/rmrector/repository.rector.stuff/python2/addons.xml</info>
			<checksum>https://raw.githubusercontent.com/rmrector/repository.rector.stuff/python2/addons.xml.md5</checksum>
			<datadir zip="true">https://raw.githubusercontent.com/rmrector/repository.rector.stuff/python2/</datadir>
		</dir>
		<dir minversion="18.9.700">
			<info>https://raw.githubusercontent.com/rmrector/repository.rector.stuff/python3/addons.xml</info>
			<checksum>https://raw.githubusercontent.com/rmrector/repository.rector.stuff/python3/addons.xml.md5</checksum>
			<datadir zip="true">https://raw.githubusercontent.com/rmrector/repository.rector.stuff/python3/</datadir>
		</dir>
	</extension>
	<extension point="xbmc.addon.metadata">
		<summary lang="en">A little place for my stuff.</summary>
		<description lang="en">I'm Rector, I do stuff, I put it here.</description>
		<platform>all</platform>
		<disclaimer />
		<assets>
			<icon>icon.png</icon>
		</assets>
	</extension>
</addon>

<addon id="resource.images.arctic.waves" name="Arctic Waves" version="0.0.2" provider-name="drinfernoo">
    <requires>
        <import addon="kodi.resource" version="1.0.0" />
    </requires>

    <extension point="kodi.resource.images" compile="false" type="skinbackgrounds" />

    <extension point="xbmc.addon.metadata">
        <summary lang="en_GB">Background loading animation for Arctic Horizon.</summary>
        <description lang="en_GB" />
        <language />
        <platform>all</platform>
        <license>Apache-2.0</license>
        <forum />
        <website>https://www.github.com/drinfernoo</website>
        <email />
        <source />
        <news />
        <disclaimer />
        <assets>
            <icon>resources/31.jpg</icon>
        </assets>
    </extension>
</addon>

<addon id="resource.images.moviegenreicons.horizon" name="Movie Genre Icons - Horizon" version="0.0.1" provider-name="Swageroni_">
	<extension point="kodi.resource.images" compile="true" type="moviegenreicons" />
	<requires>
		<import addon="kodi.resource" version="1.0.0" />
	</requires>
	<extension point="xbmc.addon.metadata">
		<summary lang="en">Horizon Movie Genre Icons</summary>
		<description lang="en">Movie Genre Icons for Horizon skin</description>
		<platform>all</platform>
	</extension>
</addon>

<addon id="screensaver.arctic.mirage" name="Arctic Mirage" version="1.8" provider-name="drinfernoo">
    <extension point="xbmc.ui.screensaver" library="default.py" />
    <extension point="xbmc.python.script" library="script.py" />
    <extension point="xbmc.addon.metadata">
        <summary lang="en">Arctic Mirage</summary>
        <description lang="en">An Arctic-styled screensaver.</description>
        <news>1.7 - Fix for Matrix[CR]1.6 - Add string translations[CR] - Allow install on Matrix[CR] - Remove unused window[CR]1.5 - Fix typo in description[CR]1.4 - Add Arctic Horizon as a dependency[CR]1.3 - Fix hanging on exit[CR]1.2 - Add addon artwork[CR]1.1 - Added widget label setting[CR]1.0 - Initial release</news>
        <assets>
            <icon>icon.png</icon>
            <fanart>fanart.png</fanart>
        </assets>
    </extension>
</addon></addons>